currency,curve_type,tenor_years,rate_prior,rate_current
EUR,OIS,0.0833,2.9100,2.9150
EUR,OIS,0.25,2.8600,2.8680
EUR,OIS,0.5,2.7900,2.8010
EUR,OIS,1,2.6500,2.6640
EUR,OIS,2,2.4800,2.5010
EUR,OIS,3,2.4300,2.4570
EUR,OIS,5,2.4600,2.4930
EUR,OIS,7,2.5500,2.5880
EUR,OIS,10,2.6900,2.7300
EUR,OIS,15,2.8400,2.8850
EUR,OIS,20,2.8800,2.9300
EUR,OIS,30,2.7900,2.8420
EUR,OIS,40,2.7000,2.7530
EUR,GOV,0.0833,2.9500,2.9570
EUR,GOV,0.25,2.9200,2.9310
EUR,GOV,0.5,2.8600,2.8740
EUR,GOV,1,2.7400,2.7570
EUR,GOV,2,2.6000,2.6250
EUR,GOV,3,2.5800,2.6100
EUR,GOV,5,2.6500,2.6870
EUR,GOV,7,2.7900,2.8320
EUR,GOV,10,2.9800,3.0250
EUR,GOV,15,3.2100,3.2600
EUR,GOV,20,3.3000,3.3550
EUR,GOV,30,3.2400,3.2970
EUR,GOV,40,3.1800,3.2380
EUR,SWAP,0.0833,3.0200,3.0260
EUR,SWAP,0.25,3.0000,3.0100
EUR,SWAP,0.5,2.9500,2.9620
EUR,SWAP,1,2.8400,2.8560
EUR,SWAP,2,2.6900,2.7130
EUR,SWAP,3,2.6500,2.6790
EUR,SWAP,5,2.6900,2.7250
EUR,SWAP,7,2.7900,2.8300
EUR,SWAP,10,2.9400,2.9860
EUR,SWAP,15,3.1000,3.1540
EUR,SWAP,20,3.1400,3.1970
EUR,SWAP,30,3.0400,3.0980
EUR,SWAP,40,2.9500,3.0060
USD,OIS,0.0833,4.8200,4.8150
USD,OIS,0.25,4.7000,4.6930
USD,OIS,0.5,4.4800,4.4700
USD,OIS,1,4.1500,4.1380
USD,OIS,2,3.8200,3.8110
USD,OIS,3,3.7000,3.6920
USD,OIS,5,3.6800,3.6740
USD,OIS,7,3.7500,3.7460
USD,OIS,10,3.8600,3.8590
USD,OIS,15,3.9800,3.9820
USD,OIS,20,4.0200,4.0250
USD,OIS,30,3.9500,3.9560
USD,OIS,40,3.8800,3.8870
USD,GOV,0.0833,4.9000,4.8960
USD,GOV,0.25,4.8100,4.8050
USD,GOV,0.5,4.6200,4.6130
USD,GOV,1,4.3200,4.3120
USD,GOV,2,4.0100,4.0030
USD,GOV,3,3.9200,3.9140
USD,GOV,5,3.9100,3.9060
USD,GOV,7,3.9900,3.9880
USD,GOV,10,4.1200,4.1210
USD,GOV,15,4.2800,4.2820
USD,GOV,20,4.3500,4.3560
USD,GOV,30,4.3000,4.3080
USD,GOV,40,4.2400,4.2490
USD,SWAP,0.0833,4.9400,4.9370
USD,SWAP,0.25,4.8600,4.8560
USD,SWAP,0.5,4.6600,4.6540
USD,SWAP,1,4.3400,4.3330
USD,SWAP,2,4.0000,3.9930
USD,SWAP,3,3.8700,3.8630
USD,SWAP,5,3.8400,3.8360
USD,SWAP,7,3.9000,3.8990
USD,SWAP,10,4.0000,4.0020
USD,SWAP,15,4.1200,4.1250
USD,SWAP,20,4.1500,4.1560
USD,SWAP,30,4.0600,4.0670
USD,SWAP,40,3.9800,3.9880
