contract_code,exchange,currency,portfolio,contracts,face_value,deliv_date,ctd_isin,ctd_cf,linked_isin,hedge_type,avg_entry_px,fut_px_prior,fut_px_current,fut_val_pt,fut_px_val_bp,ctd_dirty_px_current,fx_prior,fx_current,implied_repo_bbg,net_basis_bbg,gross_basis_bbg
RXZ5,EUX,EUR,HEDGE,-180,100000,2025-12-08,DE0001102614,0.681234,DE0001102614,DIRECT,141.4088,141.40883,141.039751,1000.0,0.0605,97.663484,1.0,1.0,2.88,0.041,0.148
RXZ5,EUX,EUR,HEDGE,-95,100000,2025-12-08,DE0001102614,0.681234,DE0001102390,DIRECT,141.4088,141.40883,141.039751,1000.0,0.0605,97.663484,1.0,1.0,2.88,0.041,0.148
OATZ5,EUX,EUR,HEDGE,-140,100000,2025-12-08,FR0014009O62,0.702118,FR0014009O62,DIRECT,130.4092,130.409184,129.895227,1000.0,0.0648,93.046927,1.0,1.0,2.88,0.041,0.148
OATZ5,EUX,EUR,HEDGE,-46,100000,2025-12-08,FR0013480613,0.702118,FR0013480613,DIRECT,88.8808,88.880839,87.977169,1000.0,0.0648,62.097696,1.0,1.0,2.88,0.041,0.148
IKZ5,EUX,EUR,HEDGE,-155,100000,2025-12-08,IT0005534141,0.764902,IT0005534141,DIRECT,133.3204,133.320437,133.238904,1000.0,0.0592,103.863443,1.0,1.0,2.88,0.041,0.148
IKZ5,EUX,EUR,HEDGE,-70,100000,2025-12-08,IT0005390874,0.764902,IT0005390874,DIRECT,98.4905,98.490504,98.457552,1000.0,0.0592,75.578539,1.0,1.0,2.88,0.041,0.148
RXZ5,EUX,EUR,HEDGE,-105,100000,2025-12-08,DE0001102614,0.681234,ES0000012L52,DIRECT,141.4088,141.40883,141.039751,1000.0,0.0605,97.663484,1.0,1.0,2.88,0.041,0.148
RXZ5,EUX,EUR,HEDGE,-78,100000,2025-12-08,DE0001102614,0.681234,PTOTEQOE0024,DIRECT,141.4088,141.40883,141.039751,1000.0,0.0605,97.663484,1.0,1.0,2.88,0.041,0.148
RXZ5,EUX,EUR,HEDGE,-84,100000,2025-12-08,DE0001102614,0.681234,PTOTEUOE0021,DIRECT,141.4088,141.40883,141.039751,1000.0,0.0605,97.663484,1.0,1.0,2.88,0.041,0.148
DUZ5,EUX,EUR,HEDGE,-220,100000,2025-12-08,DE0001141851,0.912344,DE0001141851,DIRECT,108.6357,108.635672,108.602521,1000.0,0.0189,100.265544,1.0,1.0,2.88,0.041,0.148
RXZ5,EUX,EUR,HEDGE,62,100000,2025-12-08,DE0001102614,0.681234,DE0001102580,DIRECT,141.4088,141.40883,141.039751,1000.0,0.0605,97.663484,1.0,1.0,2.88,0.041,0.148
TYZ5,CBT,USD,HEDGE,-210,100000,2025-12-19,US91282CJL65,0.812004,US91282CJL65,DIRECT,124.2465,124.246486,124.293614,1000.0,0.0712,102.672662,0.8521,0.85476,4.79,0.041,0.148
USZ5,CBT,USD,HEDGE,-58,100000,2025-12-19,US912810UB50,0.640551,US912810UB50,DIRECT,162.6944,162.694432,162.167605,1000.0,0.1584,105.762997,0.8521,0.85476,4.79,0.041,0.148
RXZ5,EUX,EUR,HEDGE,-40,100000,2025-12-08,DE0001102614,0.681234,,MACRO,141.4088,141.40883,141.039751,1000.0,0.0605,97.663484,1.0,1.0,2.88,0.041,0.148
FVZ5,CBT,USD,HEDGE,-30,100000,2025-12-19,,0.0,,MACRO,108.42,108.42,108.39,1000.0,0.0431,,0.8521,0.85476,4.79,0.041,0.148
