isin,name,currency,portfolio,acctg_cat,coupon_pct,coupon_freq,maturity,notional,book_value,day_count_code,clean_px_prior,dirty_px_prior,ytm_prior,zspread_prior,asw_prior,oas_prior,mod_duration_prior,clean_px_current,dirty_px_current,ytm_current,zspread_current,asw_current,oas_current,mod_duration_current,oas_mod_duration_current,convexity,fx_prior,fx_current,funding_rate_prior,funding_rate_current,pricing_source
DE0001102614,BUNDESREPUB. DEUTSCHLAND 2.3 02/15/33,EUR,GOVIES,HTC,2.3,1,2033-02-15,45000000,44055725.5,0,96.477503,97.901612,2.834466,5.5151,0.0151,-3.4849,6.586048,96.233073,97.663484,2.872676,5.2731,-0.2269,-3.7269,6.579929,,52.225126,1.0,1.0,2.91,2.91,BGN
DE0001102390,BUNDESREPUB. DEUTSCHLAND 0.0 08/15/30,EUR,GOVIES,HTC,0.0,1,2030-08-15,30000000,26393955.56,0,87.979852,87.979852,2.660781,0.3192,-5.1808,-8.6808,4.753354,87.842322,87.842322,2.695253,0.3089,-5.1911,-8.6911,4.749084,,27.158139,1.0,1.0,2.91,2.91,BGN
FR0014009O62,FRANCE O.A.T. 2.0 11/25/32,EUR,GOVIES,HTC,2.0,1,2032-11-25,38000000,35490216.61,0,91.707636,93.395307,3.320237,55.2155,49.7155,46.2155,6.391684,91.353777,93.046927,3.380223,57.196,51.696,48.196,6.383879,,49.247701,1.0,1.0,2.91,2.91,BGN
FR0013480613,FRANCE O.A.T. 0.5 05/25/40,EUR,GOVIES,AFS,0.5,1,2040-05-25,15000000,9408571.39,0,62.549837,62.723809,3.904499,84.5282,79.0282,75.5282,13.483379,61.922354,62.097696,3.980033,86.7448,81.2448,77.7448,13.466226,,199.368381,1.0,1.0,2.91,2.91,BGN
IT0005534141,BUONI POLIENNALI DEL TES 4.35 11/01/33,EUR,GOVIES,AFS,4.35,2,2033-11-01,42000000,43640934.72,0,102.122069,103.906987,4.039406,122.4612,116.9612,113.4612,6.675529,102.066704,103.863443,4.047326,119.0482,113.5482,110.0482,6.67217,,53.109676,1.0,1.0,2.91,2.91,BGN
IT0005390874,BUONI POLIENNALI DEL TES 1.45 03/01/36,EUR,GOVIES,AFS,1.45,2,2036-03-01,22000000,16630402.44,0,75.480584,75.592738,4.40966,148.5984,143.0984,139.5984,9.368573,75.462379,75.578539,4.412959,144.269,138.769,135.269,9.365535,,97.205734,1.0,1.0,2.91,2.91,BGN
ES0000012L52,SPANISH GOVERNMENT 3.15 04/30/33,EUR,GOVIES,HTC,3.15,1,2033-04-30,33000000,32762118.8,0,97.967367,99.279148,3.457306,66.7854,61.2854,57.7854,6.550213,97.764273,99.084684,3.488719,65.8231,60.3231,56.8231,6.544538,,52.348974,1.0,1.0,2.91,2.91,BGN
ES0000012J07,SPANISH GOVERNMENT 1.0 10/31/50,EUR,GOVIES,AFS,1.0,1,2050-10-31,8000000,4125121.22,0,50.651686,51.564015,4.229375,117.0416,111.5416,108.0416,19.810506,49.783457,50.698526,4.316412,119.9916,114.4916,110.9916,19.739004,,462.468793,1.0,1.0,2.91,2.91,BGN
PTOTEQOE0024,PORTUGUESE OTS 3.5 06/18/38,EUR,GOVIES,HTC,3.5,1,2038-06-18,26000000,25363225.34,0,96.563195,97.550867,3.845397,84.8164,79.3164,75.8164,9.977155,96.296342,97.293603,3.872995,82.5492,77.0492,73.5492,9.967996,,122.44323,1.0,1.0,2.91,2.91,BGN
PTOTEUOE0021,PORTUGUESE OTS 2.25 04/18/34,EUR,GOVIES,HTC,2.25,1,2034-04-18,31000000,28556168.16,0,91.105713,92.116671,3.468557,63.0749,57.5749,54.0749,7.503315,90.905709,91.922832,3.497937,61.7159,56.2159,52.7159,7.497424,,67.07047,1.0,1.0,2.91,2.91,BGN
BE0000359333,BELGIUM KINGDOM 3.0 06/22/33,EUR,GOVIES,AFS,3.0,1,2033-06-22,18000000,17607382.22,0,97.005091,97.81879,3.446502,64.979,59.479,55.979,6.721608,96.694351,97.516269,3.49406,65.6022,60.1022,56.6022,6.714349,,54.658154,1.0,1.0,2.91,2.91,BGN
NL0015001AH9,NETHERLANDS GOVERNMENT 2.5 07/15/33,EUR,GOVIES,HTC,2.5,1,2033-07-15,20000000,19429948.86,0,96.629196,97.149744,2.990493,19.063,13.563,10.063,6.929304,96.364332,96.89173,3.030114,18.8799,13.3799,9.8799,6.922864,,57.332433,1.0,1.0,2.91,2.91,BGN
XS2434891219,SANTANDER 1.75 02/17/32,EUR,CREDIT,AFS,1.75,1,2032-02-17,12000000,10609374.53,5,87.332288,88.411454,4.039452,131.0,125.5,122.0,5.771839,87.422166,88.506193,4.022781,125.5,120.0,116.5,5.770328,,40.231921,1.0,1.0,2.91,2.91,BGN
XS2364001078,BNP PARIBAS 1.25 07/13/31,EUR,CREDIT,AFS,1.25,1,2031-07-13,10000000,8565191.08,5,85.388022,85.651911,4.139452,144.0,138.5,135.0,5.369962,85.509932,85.777293,4.114281,137.8,132.3,128.8,5.368754,,34.601891,1.0,1.0,2.91,2.91,BGN
XS2600310275,UNICREDIT 4.8 02/23/32,EUR,CREDIT,AFS,4.8,1,2032-02-23,9000000,9344742.97,5,100.950477,103.830477,4.620274,189.0,183.5,180.0,5.274902,101.200156,104.09349,4.574644,180.6,175.1,171.6,5.275858,,35.715903,1.0,1.0,2.91,2.91,BGN
XS2542168951,ING GROEP 4.5 01/09/30,EUR,CREDIT,AFS,4.5,1,2030-01-09,11000000,11656351.58,5,102.716833,105.966833,3.795644,115.0,109.5,106.0,3.732808,102.743817,106.006317,3.788427,111.0,105.5,102.0,3.73046,,18.491254,1.0,1.0,2.91,2.91,BGN
XS2333563817,TELEFONICA 1.807 04/15/31,EUR,CREDIT,AFS,1.807,1,2031-04-15,7500000,6670160.04,5,88.112278,88.935467,4.25726,157.0,151.5,148.0,5.051104,88.103116,88.931324,4.260479,153.7,148.2,144.7,5.04825,,31.196058,1.0,1.0,2.91,2.91,BGN
XS2445369418,ENEL FINANCE 3.875 07/09/34,EUR,CREDIT,AFS,3.875,1,2034-07-09,8500000,8373237.61,5,97.647567,98.508678,4.199041,135.0,129.5,126.0,7.235191,97.531325,98.4032,4.21546,132.3,126.8,123.3,7.230506,,64.378349,1.0,1.0,2.91,2.91,BGN
XS2010044269,IBERDROLA 1.875 01/28/32,EUR,CREDIT,AFS,1.875,1,2032-01-28,6000000,5390342.4,5,88.583832,89.83904,3.946712,122.0,116.5,113.0,5.704504,88.505455,89.765872,3.962904,119.8,114.3,110.8,5.700692,,39.449201,1.0,1.0,2.91,2.91,BGN
XS2588103241,EDP FINANCE 4.496 04/30/30,EUR,CREDIT,AFS,4.496,1,2030-04-30,9500000,9816617.11,5,101.471967,103.332812,4.131726,148.0,142.5,139.0,4.014157,101.54283,103.416164,4.114422,142.9,137.4,133.9,4.012325,,20.931812,1.0,1.0,2.91,2.91,BGN
XS2513282538,VOLKSWAGEN INTL FIN 4.375 11/24/31,EUR,CREDIT,AFS,4.375,1,2031-11-24,7000000,7239063.14,5,99.708591,103.415188,4.427808,171.0,165.5,162.0,5.108322,99.868667,103.587417,4.397555,164.2,158.7,155.2,5.107963,,33.673463,1.0,1.0,2.91,2.91,BGN
XS2244278008,DEUTSCHE TELEKOM 0.5 07/05/32,EUR,CREDIT,AFS,0.5,1,2032-07-05,5500000,4424408.95,5,80.327132,80.443799,3.858493,111.0,105.5,102.0,6.407161,80.229894,80.347949,3.878774,109.1,103.6,100.1,6.40313,,47.578784,1.0,1.0,2.91,2.91,BGN
XS2453880566,REPSOL 3.75 02/03/33,EUR,CREDIT,AFS,3.75,1,2033-02-03,6500000,6430546.32,5,96.473148,98.931482,4.317671,154.0,148.5,145.0,6.123476,96.507238,98.975988,4.312236,149.4,143.9,140.4,6.121326,,46.966012,1.0,1.0,2.91,2.91,BGN
XS2439096747,AIRBUS 3.625 05/22/34,EUR,CREDIT,AFS,3.625,1,2034-05-22,5000000,4984431.01,5,98.409801,99.68862,3.842466,100.0,94.5,91.0,,98.208454,99.497343,3.870622,98.5,93.0,89.5,7.202126,,63.747543,1.0,1.0,2.91,2.91,BGN
XS2679523674,NESTLE FINANCE 3.5 09/12/33,EUR,CREDIT,AFS,3.5,1,2033-09-12,4500000,4514110.37,5,100.148286,100.313564,3.477945,67.0,61.5,58.0,6.83947,99.923887,100.098887,3.510721,66.1,60.6,57.1,6.833463,,56.699823,1.0,1.0,2.91,2.91,BGN
US91282CJL65,US TREASURY N/B 4.25 11/15/34,USD,USD_RATES,AFS,4.25,2,2034-11-15,25000000,21859740.35,0,101.033644,102.615845,4.112484,17.1342,11.6342,8.1342,7.410529,101.078912,102.672662,4.106497,16.4315,10.9315,7.4315,7.408509,,65.63552,0.8521,0.85476,4.82,4.82,BGN
US912810UB50,US TREASURY N/B 4.625 05/15/54,USD,USD_RATES,AFS,4.625,2,2054-05-15,9000000,8135237.22,0,104.359081,106.080888,4.356781,31.4575,25.9575,22.4575,15.963466,104.028622,105.762997,4.376523,32.7428,27.2428,23.7428,15.93884,,360.472403,0.8521,0.85476,4.82,4.82,BGN
US912828YS31,US TREASURY N/B 1.75 11/15/29,USD,USD_RATES,HTC,1.75,2,2029-11-15,14000000,11023009.48,0,91.75055,92.402044,3.934342,11.1315,5.6315,2.1315,3.890482,91.787396,92.443646,3.925485,10.7723,5.2723,1.7723,3.888021,,17.437725,0.8521,0.85476,4.82,4.82,BGN
US023135CF19,AMAZON.COM INC 4.65 12/01/29,USD,USD_CREDIT,AFS,4.65,2,2029-12-01,6000000,5224445.69,5,100.663481,102.187648,4.47237,65.0,59.5,56.0,3.704426,100.773619,102.310703,4.44317,62.6,57.1,53.6,3.702504,,16.432339,0.8521,0.85476,4.82,4.82,BGN
US037833EK43,APPLE INC 4.0 05/10/28,USD,USD_CREDIT,AFS,4.0,2,2028-05-10,5000000,4284465.99,5,99.018072,100.562516,4.400219,51.0,45.5,42.0,2.416917,99.074109,100.629665,4.377575,49.4,43.9,40.4,2.414519,,7.245419,0.8521,0.85476,4.82,4.82,BGN
DE0001141851,BUNDESSCHATZANWEISUNGEN 2.2 04/12/27,EUR,GOVIES,HTC,2.2,1,2027-04-12,28000000,28079173.07,0,99.258103,100.282761,2.695205,-3.4658,-8.9658,-12.4658,1.473127,99.234859,100.265544,2.711841,-3.8153,-9.3153,-12.8153,1.470217,,3.612647,1.0,1.0,2.91,2.91,BGN
FR0127792055,FRANCE BTF 0.0 03/18/26,EUR,GOVIES,HTC,0.0,1,2026-03-18,20000000,19727595.35,2,98.637977,98.637977,2.988219,6.137,0.637,-2.863,0.452265,98.638301,98.638301,3.005433,6.6332,1.1332,-2.3668,0.44953,,0.638486,1.0,1.0,2.91,2.91,BGN
XS2701234567,SAMPLE EX-COUPON 5.0 09/30/31,EUR,CREDIT,AFS,5.0,1,2031-09-30,10000000,10974270.38,5,104.756593,109.742704,4.090274,138.0,132.5,129.0,4.909675,104.715275,104.715275,4.097644,135.0,129.5,126.0,5.140714,,33.189341,1.0,1.0,2.91,2.91,BGN
DE0001102580,BUNDESREPUB. DEUTSCHLAND 1.7 08/15/32,EUR,GOVIES,HTC,1.7,1,2032-08-15,-16000000,-14944293.93,0,93.192248,93.401837,2.801753,4.7644,-0.7356,-4.2356,6.349251,92.966958,93.181204,2.84026,4.6589,-0.8411,-4.3411,6.343672,,47.713645,1.0,1.0,2.91,2.91,BGN
XS2621234098,SAMPLE CALLABLE 5.25 06/15/33,EUR,CREDIT,AFS,5.25,1,2033-06-15,6000000,6211807.88,5,102.013465,103.530131,4.925753,213.0,207.5,204.0,6.164444,102.323731,103.854981,4.877041,204.0,198.5,195.0,6.166814,,48.265954,1.0,1.0,2.91,2.91,BGN
